2025-10-02 09:55:27.922679,Mbuyelo,29,Male,Asthma,Active,"high fever, body aches",Diabetes
2025-10-02 09:59:11.656579,Mbuyelo,21,Male,Arthritis,Active,"Shortness of breath, dizziness",Arthritis
2025-10-02 10:04:50.976415,Mbuyelo,75,Male,High cholesterol,Active,"High fever, body aches",Gastroenteritis
2025-10-02 16:53:39.051567,Male,70,Male,Diabetes,Overweight,"Chest pain, fatigue",Cancer Screening Needed
2025-10-02 18:57:53.770062,Dineo,69,Male,Asthma,Active,"Thirst, frequent urination",Gastroenteritis
2025-10-02 19:54:58.559629,Mbuyelo,28,Male,Active,smoker,"headache, coughing, blocked nose",Migraine
2025-10-02 20:05:12.447464,Mbuyelo,59,Female,No known History,Active,"Nausea, vomiting",Heart Disease,Low
2025-10-02 20:07:57.021818,Hitekani,69,Female,Stroke,healthy diet,"Memory loss, confusion",Hypertension,Medium
2025-10-02 20:14:51.124380,Mbuyelo,46,Female,No known history,Drinker,"Joint pain, swelling",Arthritis,Medium
2025-10-08 08:33:00.545971,mcacisi,22,male,cancer history,sedentary,"high fever, swelling",Gastroenteritis,High
2025-10-08 08:35:31.370995,mcacisi,23,male,hiv,active,"swelling, headache, coughing",Gastroenteritis,High
2025-10-08 08:48:40.591924,mca,48,male,kidney disease,healthy diet,"shortness of breath, dizziness",Gastroenteritis,Medium
2025-10-18 02:03:13.137281,steve,33,male,smoker,active,coughing,Low
